state,processor,iret,cycles,wall_s,match,output
12345671111111,RV32_ISS,589095,589095,0.2,True,
12345671111111,RV32_5S,589094,906681,2.8,True,
62345713133111,RV32_ISS,670014,670014,0.2,True,R2 D B2 R' D R' D B'
62345713133111,RV32_5S,670013,1010227,3.1,True,R2 D B2 R' D R' D B'
24316572122213,RV32_ISS,622498,622498,0.2,True,R' D' R2 B D' B2 D' R2
24316572122213,RV32_5S,622497,949520,2.8,True,R' D' R2 B D' B2 D' R2
25713642221111,RV32_ISS,616398,616398,0.2,True,R B2 R' D2 B R B2 R'
25713642221111,RV32_5S,616397,941625,2.7,True,R B2 R' D2 B R B2 R'
24513763133333,RV32_ISS,747889,747889,0.2,True,B' R2 B' R B2 D' R' D2 R'
24513763133333,RV32_5S,747888,1110656,3.4,True,B' R2 B' R B2 D' R' D2 R'
43752611332133,RV32_ISS,874444,874444,0.2,True,R' D2 R2 D' R D2 B D' R2
43752611332133,RV32_5S,874443,1273346,3.9,True,R' D2 R2 D' R D2 B D' R2
25416373331111,RV32_ISS,3539902,3539902,0.4,True,R' B R' B R' B2 D2 B' R' B2
25416373331111,RV32_5S,3539901,4687971,12.7,True,R' B R' B R' B2 D2 B' R' B2
21345671111111,RV32_ISS,7046900,7046900,0.6,True,B' R' D2 R' B R B' R D2 B R'
21345671111111,RV32_5S,7046899,9199921,24.8,True,B' R' D2 R' B R B' R D2 B R'
