input,iret,moves
54721631111111,18237660,11
14325671111111,17937319,11
25714632313211,17516104,11
21354672313211,17337702,11
12745631111111,15530680,11
52341671111111,15426328,11
41752632313211,15365839,11
45312672313211,15097777,11
24615372213311,14839692,11
73615421113322,14822645,11
73642511111111,11900353,11
15642371111111,11854000,11
36712542122111,11776834,11
41352671212112,11748111,11
36741253233131,11731496,11
41352671222111,11612251,11
35271461322233,11591897,11
54321672212231,11512863,11
36712542121121,11485639,11
54321672232211,11476999,11
36712542121112,11458735,11
25341762313223,11444963,11
41352671212121,11253093,11
76543211111111,11230623,11
54321672212213,11219386,11
31654272313322,11213136,11
36712542121211,11144849,11
16345271111111,11090838,11
43621752213323,10929418,11
51624731312123,10875403,11
72561433311233,10747975,11
37624152311213,10747509,11
72561433321223,10720885,11
73624513121132,10621128,11
16254733312223,10599135,11
72134562312212,10531254,11
75462132123212,10514914,11
27615432113321,10472943,11
72561433221233,10422679,11
72561433321133,10412708,11
51267342312233,10398612,11
74325163131323,10275729,11
54172633132313,10122655,11
12345672123212,10108294,11
74165231121212,10032334,11
35127462331331,10015440,11
73614251112323,9989850,11
42351671212211,9917455,11
41625372313211,9917280,11
12345672321212,9839555,11
51472633331312,9837954,11
43721653231313,9837513,11
37612542221111,9829025,11
63542713121333,9800749,11
52763413222112,9800568,11
51342672212111,9794814,11
71643523331213,9784731,11
51472361131313,9777795,11
43751623123313,9775211,11
46523711331332,9768670,11
37615423121132,9767241,11
12367451213333,9764565,11
41725362221213,9711292,11
56123473133132,9649726,11
31275462223211,9626184,11
32147652332213,9624749,11
65271341332331,9610532,11
63754213122122,9603585,11
31275462312212,9601385,11
25413672323111,9584652,11
74165232121211,9581645,11
64275131212223,9535955,11
52314761322122,9527705,11
24765313222112,9505744,11
32145671111111,9498634,11
75314621313212,9480323,11
41725363121222,9458058,11
63172452313211,9449481,11
35267141321132,9436475,11
76321452213122,9419153,11
54312672212111,9401837,11
76321453313312,9362463,11
45321671212211,9359634,11
56123473133231,9346874,11
52741632122333,9346236,11
32147652233213,9332674,11
14763251333123,9321473,11
12347651111111,9302400,11
32475161232323,9291328,11
42615372221213,9289472,11
25364172311231,9284344,11
34275161312213,9281928,11
54367213112222,9255185,11
47352612313211,9225004,11
73624513332131,9218082,11
34527612331322,9214948,11
16543271331332,9179769,11
27415363131113,9146577,11
41532672313211,9142775,11
51624733323113,9126298,11
67312542221111,9120486,11
36725411121212,9117434,11
71523463231313,9111518,11
41367253111133,9093991,11
61352472313211,9083834,11
13754262123323,9081125,11
36725412123212,9061231,11
74152363133231,9060698,11
36725412121232,9053576,11
43615272113321,9046019,11
74165233131311,9027624,11
67154233323332,8989531,11
14367523311113,8988969,11
71435263333133,8986590,11
17326452212111,8978871,11
12356743113131,8976456,11
56123472322121,8968296,11
34561272122123,8957762,11
64275133312211,8945710,11
45367213111133,8921485,11
12345673231313,8919478,11
76321453311233,8918730,11
52741633221233,8912184,11
54367212231122,8894274,11
23756413223312,8892916,11
74165233231313,8891377,11
36725412111212,8890131,11
12367453112222,8885202,11
32174561112323,8876293,11
12345673131323,8865723,11
54367212233213,8864991,11
23475162121112,8858110,11
36725413131311,8838425,11
72543613133222,8833244,11
51426731111111,8827227,11
74123653133222,8826569,11
21346752313322,8805034,11
72146352232223,8792563,11
41325671212211,8785855,11
36725411131313,8783770,11
34175263321232,8782462,11
16527431333213,8771970,11
65732411333123,8768724,11
15426371111111,8757044,11
74165233131323,8754735,11
76321452212231,8745177,11
56243173133111,8744669,11
54367212211322,8733831,11
12354761112323,8726020,11
56743213121213,8710445,11
26153473131131,8704138,11
54367123311113,8695048,11
36725411212121,8691869,11
52376413222223,8690336,11
35476122221111,8689422,11
14763253133132,8685833,11
45176231331113,8673120,11
74165232121112,8672491,11
52763411333123,8663063,11
12765433331333,8662788,11
73651241113322,8660307,11
63712542221111,8658179,11
74256313111232,8652470,11
14352672212111,8644066,11
14763251332331,8638952,11
12345672121232,8634284,11
46275313312211,8633523,11
42651372213311,8627779,11
74165231131313,8618593,11
14736253222223,8614880,11
73654211111132,8607594,11
76312542322121,8603319,11
34617252132212,8596590,11
72543613223312,8530755,11
12345673132313,8523935,11
45312673222112,8519582,11
45673212212132,8514269,11
13765422121211,8499073,11
45673213211222,8494663,11
56147231333213,8485992,11
36725413111313,8482277,11
32147651312222,8480059,11
56423173133111,8476747,11
51324761111123,8467002,11
67215343333133,8461505,11
74165231212121,8457800,11
36725412321212,8452872,11
36725411313131,8444325,11
12734561112323,8441525,11
42163751121212,8429728,11
32146752232223,8428725,11
74165231313131,8426605,11
74165233132313,8426550,11
42137561123333,8425882,11
41725361321213,8418344,11
45312671222312,8416034,11
36725412121112,8412367,11
71435263333223,8404723,11
74165232111212,8403322,11
36145272131312,8394849,11
74165233131113,8386385,11
36725413131113,8385354,11
74165233111313,8379322,11
51342763312223,8378345,11
72163453331333,8374900,11
73654122221111,8373359,11
46153273131131,8363551,11
45621373211111,8357057,11
36725412121211,8345933,11
76341251311313,8334914,11
14763251222312,8332688,11
76321452122321,8332035,11
12367451132222,8325795,11
21345763332233,8314836,11
36745213133111,8310885,11
52741633313321,8303886,11
74123653133132,8303223,11
36745213131131,8296998,11
31275462311213,8296625,11
52374161112323,8294308,11
76354122111212,8292856,11
51324672212111,8283108,11
76215433333133,8282950,11
72543613322312,8269836,11
52763411222312,8269781,11
76321452122123,8266020,11
76354121121212,8262523,11
34625172111212,8244463,11
64275132211133,8243647,11
32147653112222,8242594,11
56123471222312,8232454,11
74123652322121,8232019,11
53462711113322,8230298,11
34561272212213,8225217,11
23671452122333,8214148,11
56147232332213,8211408,11
71546322231212,8204788,11
72543613221221,8200543,11
23517462131333,8199372,11
16527431123333,8189526,11
13275641112233,8189114,11
13275461112233,8182338,11
75243162211322,8177451,11
54367211222132,8176942,11
43617521223221,8176443,11
52763413223312,8167853,11
23756413222112,8157954,11
24351671212211,8154339,11
36514272212111,8154250,11
32561473222223,8151446,11
76253141123132,8136082,11
36754123232222,8121213,11
62435172211133,8120796,11
52741632212231,8112013,11
56147231222132,8107340,11
74123653133231,8099555,11
74123653132232,8097789,11
12367451312222,8094713,11
54321673313312,8087657,11
42136752131312,8086940,11
75264132321212,8085225,11
51732643121213,8084832,11
12367452113333,8069222,11
75264132121232,8066828,11
76321453323311,8062537,11
16527432113333,8052588,11
56123472331331,8050042,11
32175461111111,8049356,11
36741252123323,8043578,11
34617252123212,8042680,11
46352172113231,8040405,11
62435711222222,8031685,11
32147652231332,8026635,11
12376451111222,8020699,11
35246172213311,8018931,11
14763253133222,8014532,11
47251632131312,8009054,11
52741633323311,8006740,11
56123471333123,8004449,11
26154372332213,7991911,11
62571432321233,7991213,11
24615732111323,7990766,11
76321452122333,7970263,11
56147232333113,7964830,11
53614721212121,7948379,11
43126572133313,7944926,11
25314673131311,7942666,11
56123473222112,7939179,11
62157342132212,7935966,11
54321673323311,7926524,11
45176231133113,7922814,11
32745611223332,7912213,11
35462171332331,7903666,11
25314673111331,7899365,11
52341672232313,7880439,11
42651733311122,7877812,11
54367212333113,7869628,11
14763253133231,7868506,11
74152363133132,7867742,11
52741632212213,7865424,11
32147651213333,7854020,11
54367211213333,7848084,11
45176233131113,7834030,11
74256311321222,7826936,11
54367211132222,7821963,11
32517463131311,7820335,11
14763253221221,7817255,11
36741252122321,7812899,11
35246171113322,7809247,11
16745232122222,7809045,11
73542163321133,7808761,11
15672433312133,7807218,11
37615422313121,7804951,11
36741252122333,7801753,11
76321453233131,7797895,11
12374562111212,7792841,11
52167432121313,7791361,11
67321452111122,7789068,11
71453262222221,7786453,11
74136522322121,7784086,11
67345122232133,7779025,11
23756411222312,7778072,11
56123473322312,7777140,11
34561272213122,7776365,11
52741633313312,7776070,11
71643252231212,7774699,11
76321452123323,7773711,11
24153672321233,7771732,11
74152363133222,7771721,11
13576241312213,7770417,11
71546233331213,7767820,11
73645121113211,7767315,11
12356741133131,7766197,11
16527431222132,7765548,11
73615243123313,7765301,11
17453262211133,7764318,11
24563713121222,7761520,11
67412531131133,7752961,11
52341673232213,7751348,11
12374561211212,7749319,11
52763413322312,7748308,11
23576412312323,7741754,11
56123471331332,7736691,11
54367211333213,7727108,11
71326543333313,7726828,11
54367212332213,7724692,11
54612371112311,7720592,11
61274351313131,7715629,11
74152363132232,7713387,11
32147651123333,7712373,11
56147232233213,7710508,11
71435262222122,7703361,11
53761242221213,7702408,11
63725142123131,7699560,11
71452632222131,7695727,11
37615421113322,7689599,11
76125343333133,7686509,11
23756413322312,7683439,11
14763252322121,7681586,11
34165273311131,7681563,11
52741632123323,7680293,11
25314673111313,7679405,11
26714532121133,7677315,11
41726352313322,7674218,11
56123473223312,7673669,11
23576412233321,7672651,11
41735621233232,7671095,11
41263751312222,7668508,11
52741633321223,7667752,11
32147651132222,7662711,11
76321453321133,7659567,11
42615372213311,7658737,11
12356741313131,7656551,11
17435622211133,7648532,11
12367451123333,7640794,11
35624712331232,7640005,11
13246571112233,7639727,11
15246372331331,7639538,11
72365413131212,7639301,11
75143263231313,7635877,11
23416752121211,7630339,11
36547212122222,7623852,11
54321673313321,7614181,11
76541232131213,7613645,11
41237561313131,7609396,11
62435172311132,7607031,11
14763253222112,7605957,11
56123471223221,7605826,11
34527612211322,7605470,11
42167532131333,7597801,11
16543271223221,7592960,11
16527432331322,7583304,11
35416723232213,7577943,11
37651242211133,7572131,11
52741632232211,7571918,11
32147652113333,7570611,11
27534612311132,7568425,11
75416323232213,7566828,11
76213543213133,7565008,11
27546312231122,7562544,11
26517343333313,7562011,11
46125731333123,7561950,11
34165271311133,7557337,11
12376541322233,7553652,11
36152741231312,7550705,11
72543611331332,7547987,11
34527612231332,7538987,11
14763253132232,7538894,11
65274131111111,7535739,11
64125371131313,7531819,11
53761242121211,7527721,11
67345122223133,7526527,11
42615372313211,7526257,11
16543271221223,7525517,11
35167242132212,7524352,11
71365423331312,7522002,11
24563711121212,7519016,11
17642531111111,7518637,11
64275132232133,7517288,11
61453723111121,7516150,11
31275461112233,7515438,11
36741252122123,7514459,11
17426531112233,7508772,11
45273162222122,7506817,11
74521633121312,7505383,11
14763251221223,7505115,11
16543272331331,7504498,11
54217362233213,7502084,11
34561273313321,7502055,11
54367213312133,7498879,11
54376211113133,7497337,11
23165742312323,7494977,11
54723612221222,7492435,11
36417522123311,7491464,11
73125463133132,7489198,11
71426533333223,7487121,11
56271433132313,7484455,11
27643513311233,7482799,11
47216352131333,7478816,11
34561273321133,7476888,11
63725142223133,7472189,11
24615732233321,7469675,11
71423653213232,7468408,11
12374561121212,7468194,11
15367423211123,7463133,11
34561273321223,7463054,11
45176231131313,7461538,11
31627452221333,7457823,11
54371261113331,7456684,11
46127353131323,7453872,11
16543721111111,7449641,11
32147652331322,7446506,11
24615732213311,7441989,11
32761453133333,7432196,11
23165741112323,7428374,11
24563712121232,7424994,11
72543611223221,7424804,11
31264752313121,7421428,11
63512743313333,7413252,11
17425631323223,7410894,11
14736521322233,7409073,11
52673413232123,7407177,11
75246311111111,7405454,11
73615241113322,7395454,11
52361472131312,7379196,11
54723613121312,7378205,11
21734652123131,7377418,11
73615241112323,7371132,11
26547313131323,7370993,11
16527431312222,7369626,11
24715631111111,7363582,11
43571262122222,7363549,11
64257131113223,7360762,11
16527432231122,7358128,11
53761242321212,7356077,11
17452363322132,7352993,11
76514321232113,7348171,11
13246571111111,7343896,11
24167353132232,7343847,11
36241573212332,7343810,11
76324153323122,7340967,11
32716452123212,7340435,11
75312463333133,7334053,11
72543611332331,7330764,11
34527613312133,7329356,11
67254313311113,7327277,11
76541233331333,7325871,11
54127633133333,7323976,11
23165473233221,7318791,11
32567412222212,7318436,11
43167251232212,7317447,11
14763523222331,7317111,11
23176452132221,7317092,11
41576322212222,7316963,11
24376512222122,7316031,11
41765322313211,7313964,11
47132652233321,7312784,11
32567413133333,7307754,11
42367153211123,7302783,11
41635721212121,7302341,11
15273641112323,7301916,11
41673252212222,7299447,11
23165471111111,7297102,11
16347253121312,7296776,11
34721652221222,7295926,11
67345211311133,7294981,11
13257641112233,7290814,11
26437512122312,7287004,11
26317451212211,7284579,11
56174321232113,7282252,11
26453711333333,7280444,11
72561432213122,7277103,11
36542712121322,7271305,11
51726433123313,7268618,11
31246753312211,7264181,11
14725361111111,7260636,11
47251363131113,7256400,11
72543613132232,7248717,11
16534271111111,7248642,11
53274163211222,7244721,11
26743512121232,7240208,11
54127632131213,7239334,11
71264533221323,7239277,11
71523463331312,7236028,11
51324671211122,7235958,11
34561273311233,7235230,11
13267541111132,7230779,11
34216572213122,7230761,11
32165741233223,7230312,11
71426353312211,7228032,11
23175463211222,7225551,11
76541232221222,7224593,11
16735242122213,7224315,11
41726532312233,7220413,11
34561273221233,7219618,11
34617252111212,7214824,11
71264533231313,7211881,11
32761452122222,7205670,11
13267541232212,7198367,11
37642152213311,7197472,11
27613543333133,7195892,11
25631741212121,7194676,11
23165742123131,7186332,11
71523463131311,7183833,11
32657143121213,7180593,11
13276541133122,7176577,11
56341273131212,7173976,11
25471631312213,7169196,11
46275312313211,7168008,11
61235741313131,7165908,11
32417562113321,7165761,11
16527433312133,7164695,11
63471522323132,7158175,11
21347562312323,7154127,11
32657412111212,7153449,11
74251633111313,7151727,11
34516272312332,7150348,11
47123562232133,7147718,11
35174262213131,7144922,11
17435623211123,7143650,11
16723451122133,7141932,11
43216573132223,7138089,11
16273541122133,7137184,11
21376541131133,7129131,11
34561273233131,7127493,11
14735621333222,7125763,11
51324673113311,7120016,11
46512372113321,7120005,11
34617522221333,7112689,11
47156233211132,7111679,11
75346211133122,7110051,11
27456133132223,7108210,11
25736411321312,7103720,11
63725141233121,7102091,11
16527432333113,7099828,11
56271433111313,7099313,11
27154632311132,7098196,11
16527341111111,7098031,11
26435713311122,7091969,11
26415732121223,7091469,11
45376213333322,7089375,11
47156321111111,7089069,11
24716532323231,7079467,11
13275463213211,7079412,11
23147562123131,7078605,11
34561272122321,7077227,11
46127351131313,7076506,11
25741361232113,7075756,11
47156231332313,7074568,11
16543273221221,7073900,11
12376451113133,7073662,11
56274132331133,7072689,11
13642571221223,7069972,11
21364752311111,7068395,11
54761233322321,7065107,11
41725363121231,7064343,11
72531463321232,7059520,11
72543611221223,7059425,11
32765411133113,7054231,11
34516722313223,7050333,11
56271433123313,7049715,11
65147321232113,7049192,11
32741651131211,7048733,11
16527432231332,7048524,11
21345671111111,7046900,11
12347653132322,7046377,11
74156323132331,7045453,11
16527432211322,7043434,11
62531472321233,7033272,11
37641252222323,7029801,11
25734162221111,7026474,11
72543612331331,7024704,11
76351421112323,7023298,11
34561272232211,7018151,11
14523672121313,7016374,11
74521632222212,7015700,11
46127352131333,7015133,11
36521472113321,7013625,11
63752141111111,7013131,11
24351673311311,7008885,11
16374523211123,7008320,11
52147632111113,7007655,11
52763143222331,7005541,11
34721652121313,6990864,11
46275312232133,6990837,11
34527612231122,6990356,11
32165741111111,6990033,11
25734613113323,6989438,11
16543271332331,6988789,11
34721652131213,6987745,11
72563411112131,6983231,11
32567412131312,6976811,11
47165321322131,6969096,11
57321641311112,6966605,11
75246313332332,6965573,11
56213743313333,6960746,11
27365412321212,6957004,11
64275131312123,6955098,11
26175432331133,6952567,11
74521633121213,6951408,11
14752363233131,6951378,11
52167342121232,6949824,11
16475233132313,6949748,11
72345611111111,6948792,11
41765323122212,6947188,11
41725362313223,6941333,11
71264533231223,6940430,11
13576241321321,6937303,11
72516342313223,6936944,11
16347252131312,6936768,11
72163453131212,6924912,11
71264533131323,6924702,11
24615733113323,6923858,11
42615371313332,6922341,11
13276541321123,6921799,11
12576343212221,6921113,11
14752633223123,6919681,11
54127633333313,6917693,11
34675212222122,6917627,11
73615243213313,6917615,11
76143253131212,6915990,11
37615422313331,6912313,11
15724631111111,6912099,11
75231463211123,6908154,11
73541262321212,6907641,11
67321451311133,6907468,11
51642731113322,6907459,11
46275313121222,6901895,11
32156742311123,6901720,11
12543671111111,6901618,11
17643251122112,6900675,11
61472533112111,6896725,11
37615422211133,6896422,11
32456711233133,6894163,11
31275462133211,6894011,11
37426513132313,6893639,11
43675122222122,6887029,11
12354763133111,6885943,11
76143253333313,6885827,11
24761531221223,6885816,11
74325613131212,6885706,11
57164322131312,6884260,11
52641733232321,6882384,11
47265312131312,6877005,11
54231671123111,6876821,11
53714622233111,6874765,11
36541272323222,6867797,11
15643273223111,6863347,11
23657142121112,6862279,11
13642571223221,6860785,11
25731642232211,6860525,11
56743212122222,6859178,11
35721642221213,6858972,11
47135622132332,6856250,11
75346213112132,6852910,11
46572311223122,6852087,11
67354211313113,6850304,11
46275312132212,6845607,11
31275463311122,6842672,11
36415272123212,6842262,11
13254763323122,6841368,11
65471231132213,6839025,11
32714652332132,6838820,11
26435712322322,6837870,11
45362712122222,6837160,11
54723612131312,6836408,11
35426712311312,6835283,11
67312541121221,6834891,11
21374653333121,6834340,11
46135272133313,6831724,11
35624712121232,6831122,11
63452711311313,6831001,11
17265433111313,6830367,11
31275461322233,6829383,11
24571631121212,6829227,11
32456173212332,6828828,11
32167451111111,6828640,11
46372511221331,6824913,11
34721652222212,6823433,11
32671453123313,6823005,11
15246371331332,6822234,11
21354761133311,6819978,11
35624712321212,6817717,11
64321572111131,6817296,11
23164753333313,6815530,11
54167231121113,6814909,11
15246371332331,6809461,11
15746321323211,6808309,11
32416753121222,6804723,11
41756231321213,6802191,11
32156471111111,6799277,11
57364212213311,6798600,11
71435261322233,6798399,11
13247563212131,6796021,11
23176453332233,6794466,11
47132563222331,6791924,11
53724612121112,6791560,11
47126532133133,6790755,11
34627512232313,6790717,11
35624712321332,6789465,11
47152631322131,6787814,11
13642573221221,6785298,11
54321761211221,6783743,11
56432713122122,6782162,11
14723653232222,6781858,11
26435712222122,6778406,11
24751362221231,6775526,11
64157321133212,6774644,11
62174351122133,6772047,11
46157321331233,6771857,11
26543171111111,6769529,11
25716433223213,6764933,11
14753261333111,6764775,11
13275642131333,6763652,11
54723612222212,6763021,11
76324151112323,6760397,11
63541271212211,6758881,11
76354122112121,6757011,11
52714633223123,6749284,11
72163452122222,6749266,11
16572431111111,6741486,11
74653213133222,6738712,11
45376121131133,6737492,11
12354671111111,6737266,11
36145272122222,6735458,11
51623743313321,6735430,11
52163471312111,6728756,11
12365471111111,6728119,11
24615733311122,6724947,11
57214632212213,6722793,11
23165742131333,6722613,11
36152742131321,6718719,11
63251743133231,6718075,11
71543622111131,6717944,11
51723643131311,6716931,11
26435712233321,6715751,11
25341673113311,6715047,11
34162752132212,6712633,11
74365211313113,6710548,11
65243712121322,6708053,11
27416533321232,6703136,11
13275641112323,6702589,11
47126351233232,6702380,11
56741233111112,6698980,11
21345762313223,6694014,11
76541233121213,6693393,11
32147562333233,6691629,11
26415732233321,6690882,11
52314673311311,6690357,11
27435612122222,6686567,11
56243713121333,6684336,11
43765212222122,6682555,11
46275311123222,6681237,11
26135742132221,6680238,11
32674152113333,6680221,11
63752411333213,6678822,11
56732143122113,6676516,11
25736411231321,6676496,11
16243571231231,6673787,11
75264311223122,6672353,11
74365213111211,6667890,11
72164353131113,6665177,11
26435712311132,6664988,11
37642513122221,6664497,11
23165742131321,6663422,11
15762342122213,6663358,11
73652413211312,6663096,11
34721653333313,6662223,11
21536742222131,6661266,11
54217632132212,6656160,11
61572432312323,6652245,11
46257313312211,6651910,11
64325713121222,6648450,11
45613272233111,6645028,11
32175461333111,6643745,11
32156741112323,6642657,11
12765432121313,6642130,11
46275312112232,6639986,11
72541631112131,6639374,11
54723613333313,6636219,11
15763241111111,6635728,11
47165322232133,6634598,11
47165322132212,6626131,11
75261432123233,6622913,11
17324561232332,6620565,11
45623713322321,6618828,11
65123471233232,6615124,11
13276451113211,6614822,11
54127633131212,6613364,11
63714252123131,6598113,11
31462751111111,6594390,11
47165322313211,6592039,11
76143253331333,6592006,11
36145273333313,6591543,11
17463251321231,6590732,11
13462571111111,6588708,11
14527631121311,6588192,11
36125471213111,6585679,11
21364753212212,6583809,11
56347212111311,6582309,11
25413763121222,6575480,11
35172461232323,6572794,11
21473563331312,6572522,11
34261572132131,6570716,11
61472532123332,6568312,11
13675241112323,6567494,11
56327411211332,6566341,11
31452671323211,6563312,11
63742511232221,6558178,11
47165321232113,6554942,11
27415632323231,6551613,11
41752632311123,6550487,11
32761452121313,6549249,11
36745212123323,6548572,11
14625732112121,6546167,11
32756141233121,6544063,11
65213741111111,6543877,11
75634123323122,6543638,11
63725143123313,6542671,11
57236141323232,6541737,11
41532761233133,6540618,11
53476121323322,6538681,11
72534163211123,6538283,11
25641371213132,6537534,11
72541633121111,6537458,11
54127632222212,6536327,11
54712361323313,6535202,11
51423671221331,6534500,11
45312761133311,6533782,11
16345272322232,6532693,11
76143252131312,6530963,11
71563243221221,6527320,11
56741231211131,6522115,11
64275313312211,6521478,11
35162473332122,6519657,11
53476121323112,6516176,11
15463271313113,6514809,11
71435263311122,6512195,11
21354672311123,6510594,11
73146522113231,6508937,11
24736512222332,6505722,11
42613572313211,6502967,11
54716232222113,6502588,11
76123453233323,6500752,11
12367541113331,6500447,11
76154323333112,6498433,11
36147251131211,6498089,11
67341252222323,6495894,11
56341273121213,6495846,11
21354671122112,6494568,11
24615731132333,6491927,11
76342511111321,6490466,11
62147353132121,6487282,11
32751643321232,6484946,11
41725631111111,6484288,11
76253413322312,6483311,11
36125472121223,6480721,11
21345762223322,6478447,11
24763151111111,6477237,11
76354121122121,6473686,11
43512671313332,6472714,11
12376541112323,6472391,11
21354671221112,6465204,11
73615243332311,6458339,11
14652733321331,6455273,11
31765242322121,6454454,11
13572641122133,6450570,11
26453172211133,6450309,11
62453713311122,6448771,11
41725633111133,6447372,11
75246313312211,6446514,11
46257132211133,6445100,11
24571362221213,6443780,11
16453271111111,6442976,11
76341251111312,6440029,11
12563473131212,6440008,11
71435263211123,6439008,11
14762351321231,6438625,11
65274131311313,6438282,11
36172452133133,6436823,11
14625733133111,6436214,11
46123573232123,6435374,11
14765231112131,6429573,11
41657321222312,6429355,11
75246313212311,6424256,11
14736521221313,6422974,11
24715363311332,6422462,11
54326171111231,6421950,11
35426713312211,6419767,11
34172562313331,6417734,11
56721343123331,6411247,11
41357622313112,6408317,11
75132463233233,6402737,11
17426531132312,6402709,11
71326453132121,6401744,11
12357641113331,6399461,11
45637123132121,6398726,11
34172562132332,6397652,11
12745633323311,6391298,11
75264132223331,6391095,11
76145231121113,6388140,11
73645122222311,6387968,11
41736521233232,6385947,11
74521633333313,6384624,11
12354763131131,6383058,11
45621732233333,6382312,11
63752412333113,6381334,11
57123461111111,6380345,11
23165743331312,6380216,11
71452363213232,6378515,11
35462172223331,6377108,11
35174262231113,6373977,11
12356471113133,6373147,11
76315241112113,6371244,11
52714361232113,6370746,11
52367142211121,6369512,11
41752631222123,6369271,11
67321453113311,6366317,11
61534272311132,6364516,11
67312452233321,6359480,11
12673542331133,6357424,11
13275643212221,6355856,11
23165741231312,6354062,11
67245311112311,6352457,11
43561271111111,6352102,11
36745212122333,6350858,11
64357213312211,6347336,11
14527632122213,6342885,11
62475131322323,6341453,11
31475262331313,6340863,11
63725143122113,6339255,11
41756233121231,6338665,11
16524731112233,6333999,11
17425631323112,6331751,11
36721452223232,6331459,11
16537421113322,6330804,11
12347561112212,6330674,11
41735622313322,6329738,11
56723412122312,6329695,11
65172431132333,6323762,11
62371453311311,6323264,11
46721533123313,6322525,11
12543672322232,6322295,11
75241632222323,6321980,11
45621373123331,6319893,11
35472163231322,6318207,11
54362171113133,6317895,11
74321563311131,6317438,11
15624732333332,6317383,11
75316241231231,6313090,11
17362451211311,6309243,11
57264132111323,6307205,11
73615243331312,6302566,11
54612372222131,6301555,11
67354211333111,6299393,11
41725631211122,6298913,11
63751423122311,6298140,11
15627431322113,6298046,11
43576212112232,6297760,11
62135743222331,6297455,11
56423171321321,6297084,11
32164571111111,6295336,11
34651272332132,6291844,11
41325763131233,6291264,11
52743611111312,6289350,11
54712362223322,6289029,11
71462532121112,6288787,11
35126741232212,6285412,11
43572161111111,6279525,11
47156322332312,6278349,11
71362453113311,6276441,11
36751243222322,6273458,11
54327612223232,6273322,11
15642372331322,6272290,11
27516341111111,6270742,11
75613243131332,6270373,11
41735262312233,6270226,11
76541233333313,6268563,11
45176321131133,6268223,11
47256133212311,6267564,11
32761452222212,6267446,11
74312652333332,6267276,11
25716431212223,6263727,11
24751362321113,6262009,11
31265741233331,6260249,11
37614522111221,6259607,11
64275133231112,6257171,11
15647233213232,6253711,11
25137461111111,6250834,11
74521633133333,6250088,11
31265472233321,6241875,11
34125672221222,6241795,11
32567413131212,6241515,11
24615731122313,6241071,11
23157462131123,6239712,11
71453623311122,6235913,11
12367541112212,6234110,11
53721463223312,6233528,11
25741632222323,6232475,11
13267451311133,6231331,11
35462171212121,6230882,11
35462172213311,6229001,11
27534161111111,6223951,11
36125471111333,6223699,11
71625433213133,6220004,11
73564213321322,6219612,11
14735621233112,6216285,11
47165322133112,6212481,11
52463713212332,6209478,11
47152361233232,6207958,11
15734622331223,6204182,11
56723412323222,6203597,11
12365741113331,6202530,11
52361472121313,6201898,11
12354762311123,6199689,11
16275341312213,6199570,11
34725613111112,6197395,11
36217452131333,6196847,11
12745633313312,6196535,11
21357462311111,6195775,11
47136252133112,6195321,11
76341251111213,6193803,11
32761453121312,6193345,11
37614521111111,6193222,11
76342512232223,6189052,11
14725363211213,6187701,11
16723451322311,6187497,11
24351761111123,6187252,11
76145233133213,6186925,11
23456713212332,6183134,11
41625731222231,6182290,11
53426171112233,6181457,11
74156322313223,6180616,11
34725612231212,6179912,11
51642371122313,6179824,11
35762142222113,6177718,11
23167542131222,6177598,11
54326711112212,6172380,11
76324151112233,6170731,11
26573413331312,6169360,11
32156742313223,6168617,11
32465173123121,6168235,11
73615242223133,6165416,11
41725361232113,6162434,11
53762413322123,6161545,11
41762533123331,6159432,11
12345761111111,6158968,11
67342512222113,6158231,11
63174522332132,6157528,11
54671232221213,6157253,11
12365473232312,6156934,11
62174533311212,6156804,11
45613271331221,6156020,11
36714522121322,6152990,11
14735621323112,6152556,11
51324763113332,6150583,11
62135743312223,6147352,11
75146321323331,6146237,11
12364751113133,6145115,11
76213543311332,6145055,11
31267542222233,6144594,11
26435713333133,6143872,11
72541631111213,6143570,11
35162742213323,6141353,11
35714623111322,6139375,11
15672341323112,6138096,11
52341673232333,6135435,11
56743212221222,6134857,11
76524313331222,6130333,11
16345272333212,6128697,11
16423572112121,6128320,11
45736121122211,6128292,11
21375462312233,6126793,11
47621533231121,6126262,11
76254313211111,6123874,11
12467351131121,6123841,11
47321651311133,6122621,11
13246752133211,6121895,11
26714531212133,6121376,11
54261732231233,6121243,11
12765432222212,6119917,11
37654212311222,6117861,11
76345122211121,6113881,11
52641733212311,6113589,11
36147251211131,6113493,11
25367411211122,6113192,11
54621371133311,6113116,11
31265471111111,6112381,11
45621732212123,6111880,11
63751242221321,6110168,11
21365742221312,6109083,11
17462352213311,6108133,11
37614252221123,6105747,11
23147652312323,6102979,11
65271432231233,6102273,11
14327652131213,6100663,11
67245311133233,6099384,11
35462712322322,6099118,11
41563273113311,6096867,11
12364753311131,6096295,11
76312452212111,6095568,11
75346122133133,6095536,11
31247651113232,6095344,11
14536273311311,6091273,11
61527431111111,6090409,11
16574231113133,6089512,11
34125672131213,6089217,11
13276451233133,6089187,11
14752631111111,6088068,11
24715633112111,6085958,11
56147322333233,6085453,11
52167433133333,6081954,11
65423713321322,6080708,11
14736521211212,6078990,11
16453272111131,6078875,11
63721541233322,6078562,11
21345762312323,6078470,11
42573612323231,6075050,11
12563472131213,6073520,11
45721363322231,6071822,11
31475262333221,6071309,11
63725141112323,6069199,11
47123651233232,6068960,11
31256471231222,6067818,11
57246131112233,6066719,11
31264752132122,6066676,11
52341671311313,6066622,11
54163272233111,6064179,11
76321542211112,6061036,11
31572461122133,6060481,11
34561721111111,6059756,11
14736521133131,6058707,11
14356721112323,6056885,11
34716522223211,6056056,11
76543213113131,6055583,11
63125743133312,6055238,11
17425631322113,6054631,11
36125743222331,6054496,11
32567412122222,6053695,11
56347122333233,6050736,11
24731561111111,6049491,11
47156322132311,6048001,11
53642171111111,6046687,11
74132562121121,6046270,11
27536412332312,6040115,11
61543271111111,6035712,11
71462532111212,6034384,11
62135473322321,6032377,11
56321742211112,6031617,11
56723411113313,6031231,11
52174633223123,6028806,11
37615422223133,6026367,11
53762143222331,6024631,11
54326171112233,6022755,11
67354212212222,6022222,11
35462173123211,6021692,11
76351421113322,6020580,11
24516732233111,6018759,11
54367122211121,6016646,11
16745233121213,6016643,11
57236141113232,6016566,11
52341673133111,6015040,11
31257643311122,6014829,11
74163253133132,6014607,11
75246131333312,6013814,11
76312453311311,6013372,11
47632513212332,6012939,11
67345211111123,6012070,11
36714522122213,6011707,11
42516372233111,6011191,11
61734523222331,6010740,11
25736411133113,6008510,11
23174652123131,6008456,11
35426713111313,6007568,11
36547212131312,6006897,11
76512343332311,6006389,11
75264313231112,6003876,11
32647512333233,6003818,11
65417321232113,6002235,11
76354213312223,6001370,11
65132471222111,6000670,11
14325672112121,5999820,11
45721363321313,5999644,11
76143252221222,5998315,11
53742612323333,5996739,11
65714323223123,5995593,11
21354672311132,5990482,11
24651731333333,5988298,11
14625731111111,5988111,11
31564273113311,5988020,11
23165471312132,5986381,11
24351761212232,5983161,11
12347651133311,5981666,11
75431263133213,5979903,11
14567231312213,5979136,11
67132541133311,5978043,11
65241371111111,5975202,11
67354212111221,5975164,11
72361542333233,5972634,11
36127451333222,5970708,11
67231543323122,5965644,11
74163253133213,5965200,11
12376543133231,5964111,11
67345213111133,5963943,11
47156323223123,5963022,11
16753241221112,5962939,11
76341252232313,5962417,11
27614353311332,5959119,11
67354121111111,5958432,11
56347213131332,5956700,11
26513471122121,5954371,11
45367211211122,5949966,11
76245311131121,5948901,11
36752143132232,5948738,11
34516271111111,5945365,11
43576211123222,5944057,11
52163471112122,5942839,11
14736521332121,5942265,11
13254762321233,5940397,11
36547213331333,5940195,11
52743612131111,5938934,11
75236143213232,5937937,11
14726533323122,5937686,11
14573261333111,5936872,11
13245671321111,5936406,11
56132473211111,5936138,11
76145232332213,5935576,11
12364751112212,5935012,11
47156233223312,5934648,11
13246573321223,5934107,11
41725362313211,5933684,11
46123571111111,5933557,11
17543261111111,5933500,11
16523741112212,5930172,11
76354121313131,5928610,11
35246171111111,5927401,11
36145272131213,5927145,11
16357421223113,5926751,11
12765433121213,5925072,11
23156471333132,5924981,11
25736413123112,5923823,11
51742632323333,5921971,11
74513263121222,5918105,11
14523673121312,5917682,11
36752143133222,5916207,11
54317621111222,5915779,11
31456722111221,5913891,11
67354213211132,5913814,11
35126742231233,5912312,11
15627431223113,5910836,11
53672142221213,5909403,11
45612372331121,5909256,11
36714521232113,5909234,11
65321472111122,5908967,11
74156322122321,5907223,11
14632571111111,5904944,11
34265712212132,5904434,11
54312673311311,5904386,11
32765411331113,5904080,11
54312671131331,5903780,11
15236471111111,5902109,11
36147252111113,5901143,11
42351763231133,5900929,11
73615423213211,5900241,11
41723562313211,5899379,11
72345611222222,5899183,11
23157461231333,5898069,11
74325612221222,5897503,11
56247132333233,5895695,11
14753261323112,5895451,11
56723411131112,5893583,11
12375641113112,5892978,11
14752363222121,5892814,11
32156472333332,5891678,11
16725431131211,5891212,11
76512343213313,5891126,11
31475261322233,5890911,11
24651731113223,5890889,11
65132473111331,5890752,11
14725361111123,5889891,11
41765231233232,5886541,11
71423563213232,5886339,11
47653213232111,5884470,11
32174561232233,5883949,11
56347211213111,5881866,11
27134561131133,5881210,11
32156472332132,5880589,11
73652413331321,5879157,11
41752632312323,5878746,11
76215341231231,5876077,11
67345211211122,5875007,11
72143563222331,5874012,11
25436713232321,5872761,11
21357463213331,5872040,11
71532463221332,5870492,11
25463713212332,5870276,11
34715262221123,5869401,11
76315241332112,5866719,11
76354121311313,5866320,11
14263751131121,5865141,11
54167232133313,5863616,11
53726143333121,5863339,11
12354762121112,5862091,11
34165272323333,5861500,11
74125631313311,5861475,11
32741652111113,5861162,11
54167233331213,5861045,11
23156473323332,5860742,11
36527413311311,5856691,11
24715633131131,5855315,11
43572612312323,5855217,11
52167432122222,5852990,11
74125633133312,5852540,11
36547212121313,5852197,11
14723653313111,5851987,11
74365213121333,5851919,11
67234513332122,5851793,11
13254761323322,5851759,11
62134572321323,5850400,11
36527412111113,5849892,11
64275311222222,5849736,11
72145633232231,5848869,11
21654373332122,5848409,11
41762532221333,5847186,11
16273541321321,5846872,11
12564733323122,5846797,11
12745632111122,5845822,11
47156233233113,5845638,11
65132743222331,5845564,11
12346751113133,5845513,11
34521672223232,5844651,11
72365412222212,5842508,11
73625143121213,5841744,11
74365211121221,5841494,11
14753261221112,5840815,11
34725612322232,5840661,11
74125633131233,5839104,11
15724631211311,5838009,11
25736411331113,5837904,11
76321543211111,5837039,11
46215372313211,5835894,11
61452731311313,5835860,11
45213672221123,5835120,11
25436713332122,5834117,11
47156233322312,5833943,11
71456322111221,5833814,11
25163741112323,5833624,11
16547321113331,5833266,11
31276452133322,5832007,11
32561471113133,5831958,11
26345711223113,5831886,11
12375461111222,5831509,11
41673521111111,5829322,11
12347653132223,5829157,11
24536713231232,5827056,11
65174233323212,5825469,11
75346211211311,5825102,11
45376211333123,5823964,11
24637512311132,5823321,11
52463173212332,5823026,11
74365212222323,5821239,11
26543171123111,5821129,11
23164573213133,5820384,11
16243571321321,5818558,11
35416721113112,5818509,11
23456173212332,5818184,11
24617532233321,5817883,11
75213642223133,5817322,11
71463523331222,5817022,11
21354761122211,5816980,11
14765233113131,5815715,11
31257462312311,5815269,11
31267542313133,5811216,11
36527413111112,5809814,11
71436253333112,5809708,11
67231541323112,5808676,11
65132471231321,5807712,11
12347652111221,5807370,11
67321451112311,5806882,11
14673251111111,5806487,11
16532471111222,5806285,11
56347212232223,5806148,11
15724362212132,5804220,11
73625412222323,5804041,11
74132561321231,5803855,11
35417622223133,5802836,11
31265471313113,5801822,11
12357461111222,5801638,11
61453721111111,5800955,11
36125473111211,5800153,11
67321451111123,5800094,11
65132473323311,5798692,11
67354213111313,5798554,11
32475163331222,5798503,11
37652141113232,5795642,11
45327612222323,5794898,11
41325762313223,5794669,11
54367121112212,5794105,11
52743611112131,5793667,11
12365471313113,5791289,11
71534262122222,5790457,11
14723651113121,5788866,11
14725363213121,5788427,11
56741231121311,5788161,11
67321451212211,5787118,11
32765412323222,5786991,11
25741632312323,5786967,11
31524673332122,5786710,11
14752633213223,5786679,11
72513641233322,5785835,11
74532163123223,5785275,11
21357642221132,5784633,11
13647521111111,5783835,11
75321463132121,5783819,11
63741252222323,5782862,11
76345123311113,5782466,11
17452633213232,5782136,11
14726531333312,5781752,11
64531273311311,5780525,11
14275633323122,5780286,11
21354761113211,5780032,11
46512371331221,5779823,11
52163473111331,5779569,11
12374651111222,5777772,11
31276452313313,5776398,11
51623471321111,5776233,11
74156322122123,5774446,11
51724363121213,5774287,11
14726531233313,5774176,11
17356241212313,5773059,11
14327653121213,5772479,11
15637423211123,5770625,11
15746321111111,5768110,11
14723653321313,5767580,11
71432563323122,5766958,11
54721631311133,5766224,11
52147631131211,5765565,11
42165373223123,5765324,11
72165432323312,5764259,11
63142571111111,5764233,11
65134721233232,5763567,11
35461272222323,5762500,11
54317261113112,5762373,11
52147631121311,5759840,11
74265312333233,5758386,11
52167432131213,5757669,11
32145673311113,5756880,11
45671231132231,5756546,11
76341252323333,5755960,11
32156472332321,5755941,11
63125741112323,5755615,11
37452162323312,5754392,11
16345271133131,5754202,11
31264573132313,5751279,11
65174232133313,5750712,11
14752633222223,5749425,11
45321673113311,5749417,11
35162472123233,5749132,11
75346212323333,5748779,11
17324561211323,5746723,11
34125673133333,5744593,11
23164752131312,5744333,11
61234573232213,5743578,11
72365413121312,5742407,11
25743611233232,5741562,11
71435623333331,5740955,11
56743213121312,5740555,11
23756143222331,5740531,11
52167433331333,5737485,11
74132563132112,5733961,11
64531271212211,5733163,11
43675211221331,5732574,11
71462531113322,5732419,11
26153471122121,5732236,11
17463251122112,5731587,11
17526431131121,5729667,11
32145673112222,5727210,11
17426532331331,5727203,11
56741231131211,5726810,11
54376121322233,5726180,11
23156471222132,5720578,11
46375213112111,5720445,11
15724632313223,5719763,11
31265472312233,5719088,11
14723651112131,5717886,11
54376211111222,5717650,11
12645371131121,5717450,11
32145672212222,5717166,11
72543162311111,5716686,11
26534713333313,5716434,11
54167231221211,5714833,11
65174323223123,5714684,11
76312453211111,5713841,11
17246351111111,5712784,11
32465173133111,5711985,11
71432563332113,5711200,11
63741522123131,5710590,11
47162351322122,5709938,11
61274532231323,5709040,11
72163453133333,5708629,11
34261573123121,5707619,11
76345122211112,5706823,11
32465172112121,5706126,11
17426531213123,5703375,11
75234162221111,5701304,11
24315673311311,5701010,11
17426531331332,5700986,11
67321542232133,5699046,11
42673512232133,5698798,11
54721632212231,5698745,11
37651422312311,5696693,11
54721633333331,5696627,11
62374513112321,5694851,11
72165431113331,5693572,11
56321473233323,5692943,11
37652143231322,5692010,11
37645122312221,5691258,11
15624732123212,5690055,11
34165273222322,5687031,11
27415633321322,5686534,11
73615423333331,5685654,11
35426712131132,5684919,11
36721452121322,5684571,11
65274133132223,5684164,11
46572312132122,5683607,11
21376541122211,5681733,11
52341672323312,5679317,11
26135742213323,5679297,11
13246572321332,5679078,11
21365742312323,5678660,11
16573241312312,5678364,11
62135471122121,5676729,11
12473561132123,5675410,11
34761252323222,5675394,11
31257462222221,5675290,11
14763521113223,5674759,11
56347211331131,5674332,11
76354212213323,5672696,11
16725431121311,5672497,11
72563411113121,5670305,11
27634511131133,5669458,11
45312762311111,5668286,11
62135473131131,5667038,11
65432173232321,5665561,11
52147633111112,5664106,11
52761431113121,5663138,11
54123673233323,5662171,11
36752142123221,5661891,11
54612732112223,5661481,11
35426713131113,5660764,11
72643513212332,5660751,11
12364571112212,5659468,11
35462171131313,5658752,11
36147253111112,5658315,11
13725642332132,5657689,11
76354123211132,5655744,11
36721452122213,5654328,11
26135742332312,5654209,11
27453161132111,5653247,11
53147262123131,5652595,11
15672343213232,5651960,11
56274312313211,5650838,11
14752631323223,5650244,11
65132471212112,5650182,11
32156742333131,5649374,11
32547612111311,5648742,11
13265741112323,5648649,11
12456731132321,5646801,11
16427531211311,5646412,11
76312542321212,5645313,11
37612453122233,5644296,11
64531273122131,5640160,11
14625731322233,5639168,11
32765413122212,5638373,11
32741653111112,5637627,11
16275343122221,5637552,11
54621372211121,5637527,11
16745233333313,5636128,11
67345212111122,5635813,11
36125471212112,5630661,11
26715433231322,5628902,11
17426531121212,5628591,11
16743252323222,5628555,11
64275311112332,5628165,11
76354122212222,5627275,11
16537421233112,5621828,11
73642511113322,5620018,11
32174652332132,5619981,11
57214361323232,5617440,11
72163453121213,5616728,11
71432562111221,5615672,11
45276131131133,5615236,11
15642372231332,5614295,11
25736141233232,5614148,11
32465173233221,5613921,11
63752141123213,5613854,11
71432561232323,5612567,11
35461271321231,5612019,11
62173543232132,5610320,11
35461271111231,5609762,11
14725363311113,5607956,11
36547212221222,5606322,11
24615371112332,5604911,11
21354761113322,5601772,11
32741651121311,5601333,11
63142571132321,5601014,11
76345123211111,5600061,11
76354123313333,5599499,11
52743611113121,5598059,11
32465172133121,5597203,11
52761431112131,5595173,11
74321653233323,5594934,11
12357462211112,5593606,11
23417563232123,5593004,11
46375212332222,5592011,11
13265742131312,5591846,11
54367122311111,5589988,11
76354123211123,5589544,11
13764251211311,5588678,11
32165742331112,5584734,11
57241631323112,5584436,11
13246572331232,5583569,11
56743213331333,5583429,11
31265471122112,5582998,11
32174652312332,5582521,11
14736523113131,5580589,11
32145671221112,5580544,11
61534721112311,5580438,11
74156323133123,5580102,11
16345273233323,5579897,11
14527633132322,5579782,11
74125633121111,5579185,11
52341673323212,5577947,11
32451762331121,5576857,11
71542633132322,5575680,11
32156471232332,5574778,11
16745232121313,5574687,11
47265312122222,5573533,11
56213471111111,5572445,11
47652132231323,5572298,11
16534723211123,5571868,11
24715631122121,5571576,11
65417323232123,5571364,11
72345611133113,5571269,11
14752363232222,5570878,11
21376541112311,5570553,11
15642373221323,5569894,11
51632741323232,5569213,11
76354213222223,5564902,11
74563211232332,5563920,11
63125743131233,5563185,11
32167451312222,5562079,11
67354213313333,5560026,11
25763411332322,5559864,11
36217541223311,5558733,11
62351743112123,5558568,11
24351673111133,5558112,11
52731641233112,5556890,11
63752411223212,5554485,11
32147562313223,5553457,11
15324673113311,5552329,11
12637451132111,5551850,11
63724153121213,5550377,11
12537461332112,5550270,11
36147251121311,5550048,11
24731562311231,5548463,11
72365413331333,5546452,11
12357461113331,5546417,11
12376543133132,5546008,11
45367122223133,5543910,11
16725431211131,5541947,11
14723652322121,5541084,11
56721432312233,5539565,11
17362452213311,5537135,11
74325613121312,5536603,11
17426531223221,5536335,11
14736523112222,5535574,11
34125672131312,5535144,11
74132562122111,5533761,11
76354212312233,5533130,11
32164572232223,5531986,11
74325613133333,5530037,11
14723651111312,5529429,11
36521472331121,5528228,11
45312672233321,5527711,11
74365211213111,5526080,11
74125633332323,5520513,11
32765412221312,5517503,11
74365212111311,5517133,11
13276543323122,5517115,11
54167232333113,5514876,11
25436711311313,5514766,11
52714633213223,5513248,11
34165271112212,5512742,11
52736141322233,5512060,11
12543671331113,5511751,11
41625373121213,5510745,11
13276541322311,5508634,11
12745633131131,5506949,11
76341253221212,5505134,11
12347651122112,5504672,11
13645271221331,5503847,11
12347652223232,5503711,11
74523613111211,5503287,11
47163522131222,5503187,11
52163471213111,5502477,11
25714632123131,5501256,11
71456321322323,5500840,11
76325412112121,5500133,11
24537613231322,5500101,11
52147631211131,5499672,11
54721631122121,5499518,11
26415731322323,5499437,11
56723411121113,5499008,11
17452363213232,5498092,11
45376213131323,5497784,11
32167451333111,5497750,11
75346213332122,5497196,11
72143652111311,5495647,11
13276541213312,5493674,11
12745632222221,5491807,11
17364251231231,5490681,11
31564272212111,5490679,11
35462173131311,5490114,11
63752412322112,5487972,11
76543212222221,5487886,11
13675242331313,5487354,11
32167451222222,5487093,11
32145671333333,5485820,11
34275162213221,5484649,11
54612733322213,5483860,11
73516243323113,5483163,11
54276132233312,5483124,11
34127651312111,5481790,11
76325411122121,5480432,11
37415622333221,5479031,11
17423653213232,5478493,11
12347653332323,5477569,11
73642513223222,5477042,11
65132472212231,5476905,11
67354211212121,5476812,11
17463251323112,5476509,11
74126352333122,5475631,11
73642511113232,5474498,11
65174232123131,5474119,11
76543212323213,5473095,11
15724632323333,5472602,11
43615271333312,5471708,11
47653213211231,5471535,11
36125472111311,5471467,11
76354212333332,5471217,11
36527411131133,5470995,11
57364213332122,5469540,11
67452313321232,5467897,11
34562171321231,5467454,11
53467211321111,5467400,11
21354673131113,5466051,11
45367211111132,5465840,11
72143651213111,5464878,11
74365211333111,5464505,11
54167231131112,5463987,11
76254133311323,5463604,11
73542613132121,5463343,11
56347212111221,5463266,11
62135473232231,5463147,11
52761431111312,5462924,11
74125632321332,5461802,11
14736251112332,5461105,11
45312761113211,5459905,11
46273513221212,5459666,11
74125633132232,5458778,11
62543711311112,5458734,11
25137461211323,5457572,11
12367541331131,5457059,11
56324171221331,5456265,11
35617423131332,5452625,11
37624511232233,5452519,11
74561232111113,5452124,11
32765411121113,5450657,11
36752143211132,5450387,11
57236141322233,5450174,11
15346271321321,5449911,11
14735621333111,5447886,11
74125632122111,5447872,11
16542371331221,5444736,11
37624513131323,5444499,11
73625141112323,5443903,11
31264573222223,5443887,11
14736521321231,5442954,11
56347211312111,5442373,11
27634512233321,5442099,11
45312762221111,5439064,11
64231572311132,5438630,11
76543211212112,5438496,11
74523611213111,5437569,11
54326171321231,5436947,11
27543611111132,5436843,11
54362711111231,5436792,11
65132471323121,5436735,11
63745123122212,5436548,11
45612373332122,5436258,11
52163473111211,5434738,11
52731641323112,5434683,11
74365212333332,5433616,11
74125632121121,5432930,11
17426532121211,5432100,11
57241631322113,5431943,11
63752142332132,5431474,11
54367121113331,5431084,11
17463251313113,5429762,11
76145231122112,5429059,11
74163253332323,5429016,11
76321543311131,5428348,11
45167323322231,5428260,11
56174232323333,5427878,11
36721453113113,5426914,11
54126371331221,5426783,11
56723413331111,5426480,11
65723143321313,5426174,11
65174233331213,5424221,11
27615431312333,5422925,11
15642373212311,5421537,11
17426531313131,5421403,11
32145671132222,5420820,11
72136541322233,5420388,11
74163253121111,5420218,11
72165432111122,5419736,11
13246573221233,5419170,11
32167453222313,5419014,11
12376541232233,5417322,11
14763521113211,5416852,11
61453721311112,5416712,11
36752142122132,5416426,11
76345122213311,5415774,11
72165432211112,5415335,11
15426371112233,5412128,11
73654122111122,5411665,11
12365473332323,5411304,11
75234161322233,5411271,11
34165271121311,5409221,11
36745212131111,5408999,11
45376121331311,5407982,11
32145672113333,5407485,11
76543212132323,5406747,11
72513641232323,5406481,11
63752143223123,5406371,11
72541632131111,5405231,11
51742632323231,5401937,11
52761432131111,5401660,11
52743613121111,5401494,11
72541631113121,5401476,11
72361453232333,5400874,11
37614522113321,5399268,11
21376541111123,5398360,11
32175461113112,5398154,11
36721451131331,5397781,11
56347213111211,5397104,11
32765413322312,5396588,11
14723652331232,5394775,11
76245313122122,5394376,11
47156321133311,5393804,11
24715631122133,5393727,11
21654373332221,5392932,11
52163472111311,5390599,11
31247651323232,5390214,11
72356141112323,5388957,11
53421671321111,5388579,11
51426733312211,5388146,11
16537421113331,5387787,11
63714521112323,5387588,11
34725613111133,5387285,11
32647153132121,5386307,11
23165472111332,5385453,11
42751632321233,5385316,11
23165472132332,5385075,11
21354671131313,5384337,11
67354213131311,5383409,11
52741362313223,5382705,11
25634713321232,5382360,11
12354762121211,5380004,11
74523611121113,5379945,11
62471532232133,5379714,11
54721633231322,5378581,11
42751632323231,5377004,11
34517622231323,5376781,11
25763142223133,5376547,11
31754621331122,5375524,11
36527412322232,5375320,11
74561232221111,5373631,11
37614523232213,5371333,11
31564272213311,5370271,11
46375212132221,5369145,11
72546311323112,5368973,11
52761433121111,5368413,11
14725361322332,5367840,11
56723413222112,5367586,11
34261572133121,5367457,11
32164572233321,5367397,11
32167453313333,5367032,11
14567231321123,5366347,11
34567212223232,5365457,11
27453161123111,5365432,11
31265471321111,5364915,11
16327453232333,5363736,11
56423172112121,5363283,11
41736522332231,5362412,11
72165433233323,5360853,11
56173421113112,5360693,11
56124371111231,5360257,11
47156322332132,5359532,11
76325411331311,5357930,11
56723413221212,5357854,11
14325673123232,5355847,11
25436712123332,5355353,11
13276542323312,5353992,11
12543673221323,5353924,11
71432563232213,5353811,11
74163253133231,5352558,11
64357212313211,5351554,11
65132472233321,5350765,11
36745212122312,5350428,11
14723651111213,5349110,11
54371621113322,5347791,11
76145232233213,5347785,11
12376451221211,5347674,11
13627451332112,5347355,11
56347212123233,5347174,11
32561471131211,5346059,11
76341253233131,5345063,11
14527631311121,5344766,11
14325672231323,5343483,11
54721632133232,5343412,11
23167541233322,5342748,11
75641323232111,5341683,11
32547613111211,5341592,11
24315762213323,5340861,11
21354761112233,5340793,11
14765231133131,5339157,11
21367452112112,5337644,11
62735143223213,5337006,11
32167451213333,5335727,11
74523612111311,5335400,11
62317453312211,5334234,11
65132741223323,5334142,11
76325411111312,5332951,11
12567433232333,5332870,11
31624751112233,5332449,11
27416532133232,5331857,11
54371621113112,5330467,11
72143651131112,5330388,11
13546271231231,5330330,11
12463751231231,5330116,11
37624513231313,5327924,11
72563412131111,5327509,11
37624512231212,5326411,11
63714522332132,5325858,11
15642372213311,5325225,11
73645211321111,5325121,11
32165742211112,5323047,11
16345271222111,5322420,11
13267451122211,5322407,11
34165271311121,5322367,11
47265312313211,5321683,11
12354763211123,5321487,11
32546713323212,5321389,11
56132472333332,5320187,11
15724632123233,5318520,11
21654372231323,5318186,11
14735621221112,5317186,11
46215372121223,5316656,11
46157233333232,5316331,11
32576142313223,5314269,11
14725363223213,5314030,11
54763212322232,5313294,11
63752143123223,5312964,11
52147631311121,5312737,11
12536741112323,5312527,11
76145233232333,5312269,11
63452712333221,5312035,11
16243571132132,5310144,11
64271533221212,5308743,11
13762451321321,5308385,11
45321671221121,5308356,11
72435163333313,5307527,11
76523413223231,5307169,11
14527631131211,5307119,11
23165471311133,5306712,11
54167233232333,5306545,11
12543672321332,5306227,11
41725633121123,5305688,11
32175461221112,5305543,11
32156473223123,5305334,11
12745633313333,5304565,11
16427532333233,5304268,11
23456173233122,5303775,11
62374511322311,5303723,11
32465172332321,5303326,11
74163253131332,5301506,11
56741232111113,5300615,11
56723411222312,5299816,11
26153473132121,5299137,11
75314623113122,5298933,11
45671233112132,5298484,11
14765231111312,5297530,11
52741362313211,5296901,11
64357213231322,5296758,11
14765232211211,5294412,11
14625731131121,5294293,11
12643571321321,5294284,11
42573613322231,5294158,11
37256142321233,5291867,11
62135473122131,5291737,11
14527632212111,5290939,11
32561471122211,5290358,11
36241753212311,5289839,11
13542671231231,5289770,11
32765413231223,5289477,11
36125473232222,5288973,11
13527461211113,5288638,11
17526431231321,5287763,11
76521433232333,5287495,11
32417653132121,5286804,11
35462173221221,5285094,11
76345123311131,5283838,11
23674153232321,5283144,11
21654372233321,5282946,11
76342513323212,5282764,11
12734562313223,5282308,11
64531273312211,5282033,11
34562171321111,5281751,11
67145323133312,5280766,11
67254311131133,5279410,11
74561233233323,5278586,11
76543211333333,5277427,11
14632571321132,5277187,11
42157633231322,5274517,11
14267351321321,5274148,11
76312543322222,5273164,11
34127651213111,5272675,11
14752633223231,5272203,11
71263541333222,5272161,11
14725362211121,5271258,11
36527412131222,5270391,11
52761431111213,5269884,11
62154733321121,5269135,11
21354761112311,5268853,11
76345123312211,5268824,11
74123563323221,5268673,11
41765322221312,5267242,11
12763452322232,5267164,11
52341671122211,5266624,11
32765411112221,5266600,11
32476513232231,5266277,11
71432563323113,5265256,11
21354762213311,5264275,11
31624753312211,5263427,11
65123471112311,5261544,11
36217543213112,5261500,11
71432561323232,5261201,11
16725432232223,5260970,11
51367241211113,5260451,11
23147651112323,5260397,11
76315241323313,5260373,11
16725433113311,5259445,11
17425631313113,5258662,11
51724362122222,5258158,11
47632153212311,5252668,11
76253141211332,5252373,11
12734561322233,5252188,11
21367451311331,5251711,11
76325412333233,5249446,11
12745632212213,5249443,11
47632153232321,5249111,11
76315241113112,5248766,11
36745213232213,5248719,11
16257433223123,5248400,11
75264133121333,5248347,11
52163472131222,5247765,11
16537421111222,5247728,11
72345613221221,5247652,11
16427531231321,5245988,11
24531673123121,5245581,11
72143651312111,5245266,11
73516243332131,5244976,11
72143651121113,5244857,11
14625732213323,5244841,11
73456123231322,5244649,11
54367121113211,5243421,11
76341251112131,5243025,11
72563413121111,5242732,11
37516422333311,5242020,11
15724631322233,5241775,11
14325673232333,5240860,11
64572131122223,5240196,11
24367513111121,5237058,11
74163252112211,5236866,11
76342513322111,5236356,11
31265471122133,5235762,11
76345122311111,5234143,11
31452672322331,5233300,11
35162473122221,5232067,11
54376211111132,5231670,11
43216573212332,5230722,11
52163471333123,5230163,11
16725433122212,5229994,11
67245131313323,5228811,11
16524731112212,5228027,11
15642373231223,5227395,11
35162473332131,5227339,11
41236753232321,5226531,11
75613243133213,5225539,11
34127651121113,5224963,11
16547233332323,5224302,11
16725433333232,5221505,11
36125471222111,5221133,11
32741651211131,5220807,11
72165432111113,5220620,11
16524731113133,5218502,11
67354212311132,5215588,11
42137653132121,5215237,11
63471522123131,5215153,11
14726531223122,5214898,11
36147251311121,5214699,11
76325412231212,5212283,11
32175462312323,5211414,11
34275162112322,5211236,11
45312672223331,5211207,11
57642311113322,5208338,11
57364212313211,5208219,11
12543673233323,5207279,11
65132472131231,5206704,11
76145232123332,5206593,11
17426531232233,5204726,11
74125633133222,5204491,11
17356242211331,5204402,11
34127653111211,5203866,11
36714252232223,5203125,11
54163271133221,5203117,11
21457631321123,5201214,11
63247511123132,5201034,11
54167232112112,5200926,11
12543673111331,5200502,11
32547611121113,5200479,11
72563411111213,5199918,11
45612373322111,5196719,11
24715632313223,5196276,11
74523611312111,5195315,11
14325673311131,5194831,11
73645211223113,5193693,11
67412353132121,5193252,11
41735263123223,5192721,11
54361272223232,5192679,11
71562433123232,5191746,11
32547611312111,5191704,11
12745632232211,5190037,11
35162472122231,5189023,11
53162743312223,5188802,11
14723651211212,5188259,11
52743611111213,5187260,11
56127433332323,5187230,11
34127651131112,5186844,11
13274651112323,5186469,11
14367252322232,5185826,11
52614372313211,5185270,11
36714523132223,5183673,11
51647231113232,5182602,11
47132562311111,5181889,11
74523611131112,5180829,11
34725611212211,5180192,11
32167452211121,5179708,11
35462171221223,5179325,11
37624512121322,5179159,11
72165433331213,5178997,11
14765233323332,5178734,11
32547611131112,5178640,11
72541631111312,5176940,11
34725612111113,5176607,11
32165743311131,5175631,11
27615433313213,5174345,11
41735261323313,5172686,11
36125471312111,5170467,11
16573241123123,5170331,11
15724632323231,5170052,11
76354212313322,5169935,11
54321763113113,5169520,11
23751461132123,5169497,11
14735621223332,5168829,11
74163252131111,5168109,11
16725431211122,5168007,11
65274131312213,5167994,11
21375463333211,5166463,11
16542371221331,5165358,11
67345211111132,5165105,11
47621532232331,5164618,11
71462533221113,5162123,11
75314621133221,5162112,11
45612373332221,5161929,11
12546371221331,5161766,11
35472163222313,5161235,11
32765411131112,5159414,11
62135473123121,5159227,11
14625732113321,5156059,11
46273512122312,5155443,11
53621471331221,5154962,11
14563272323222,5153427,11
76315243323323,5152897,11
75642132213311,5152749,11
35162473323131,5151976,11
65123472312311,5151653,11
14765231111213,5150965,11
34127652111311,5147864,11
14527631211131,5147785,11
64531273123121,5145959,11
56132473213211,5145626,11
74132563131221,5144517,11
75243613213232,5144392,11
56124371232323,5144086,11
72143653111211,5143919,11
75346213132322,5143123,11
43216573132121,5142788,11
74361253112132,5142209,11
73625143333313,5140507,11
13246571113232,5138812,11
56143273332323,5137030,11
72563411111312,5136201,11
24315761122322,5134664,11
27534162311111,5134347,11
16345273122323,5132964,11
24367511323112,5132404,11
13546271321321,5132113,11
56741231311121,5130933,11
74125632131111,5130490,11
32164571111231,5130101,11
65174322313211,5128468,11
72643513212311,5127647,11
32741651311121,5125809,11
46375213333121,5125606,11
45612373132223,5125409,11
43527612312323,5125309,11
36721452131111,5124059,11
14527632333332,5123787,11
63752412312323,5122632,11
52367412322232,5122251,11
32745612313322,5121604,11
16725431311121,5120622,11
76325411111213,5118466,11
76245311213312,5118017,11
32547611213111,5117475,11
74163251121122,5117273,11
45637123332122,5117058,11
74561231111222,5115852,11
14537622231323,5115495,11
14726532232313,5115437,11
36745212223232,5114964,11
45713623223132,5111918,11
13254761322233,5111879,11
74561233131233,5110328,11
72145633312223,5107957,11
17425631122112,5106704,11
25714632223331,5105816,11
12543671211212,5105684,11
32745612322331,5105182,11
64351272132131,5104926,11
12543672331232,5104470,11
62374513312112,5103843,11
73645211332112,5103141,11
73645213112231,5099786,11
16523473332323,5098436,11
15643271331221,5097251,11
45623712332123,5096488,11
14736521132222,5096143,11
12753462231323,5094095,11
32561471311121,5093671,11
74365211312111,5090898,11
34165271211131,5090632,11
16534273211111,5089965,11
12543672121121,5089278,11
63142573112123,5088516,11
74361253211231,5087320,11
15724633132322,5086588,11
76145231131112,5085916,11
76325411113121,5085686,11
71263542323123,5085104,11
63471522332132,5082873,11
45612371133221,5079969,11
54721632212222,5079532,11
64321572132131,5079112,11
27534161111123,5077470,11
67345211112233,5077179,11
32561471121311,5076929,11
25714633121333,5075678,11
32174562231212,5074030,11
73645213333112,5072891,11
34165271131211,5072184,11
36745212121223,5071033,11
14752631112311,5070161,11
76145232331313,5069322,11
36721452122123,5068558,11
46352171211233,5068173,11
46513273113221,5064668,11
25436712132122,5063863,11
72561342313223,5061181,11
15367421223113,5059891,11
32765413223312,5058891,11
14735621332112,5058175,11
36721453121111,5058015,11
65742311212313,5057230,11
32174561232113,5055958,11
14325672323222,5054192,11
12347652123233,5052396,11
74561233111112,5051989,11
24157361313212,5050722,11
12456731233223,5050094,11
31452671332232,5049992,11
31265471312213,5049946,11
75243611113232,5049438,11
36745213121111,5048034,11
46513272332111,5046846,11
36527412231122,5046521,11
63752141122211,5045748,11
54721633313321,5045445,11
52163473221323,5045201,11
34725613132223,5045101,11
34621572132131,5044807,11
47352612311132,5044412,11
23165472111122,5043306,11
32156472312332,5043176,11
36721452122321,5042445,11
32175462233111,5042103,11
16534271111132,5040886,11
15624732133313,5040849,11
75264133331213,5040749,11
74561233311233,5039816,11
52341672323222,5038449,11
34725613311113,5033940,11
56423171231231,5033801,11
32561471211131,5033268,11
37614521323232,5032239,11
14765232331313,5031326,11
56423173132121,5030948,11
25436712123122,5030023,11
72546313323212,5027533,11
76325411112131,5026432,11
76543211332331,5025457,11
32165741111132,5025153,11
53126471321321,5023041,11
76325413222223,5021192,11
65274133312223,5020755,11
45312673231313,5020548,11
76543211223221,5019034,11
12347653111133,5018472,11
34167252213323,5016380,11
14625732233111,5015855,11
15746322313112,5015457,11
32157642231323,5015360,11
76342513323122,5013040,11
15236473231121,5012446,11
61543271112311,5010990,11
74213652323132,5008728,11
35462172312131,5007716,11
72165433111112,5007105,11
25471362323132,5007048,11
32465172132131,5006815,11
64321572311132,5005772,11
14736251111132,5005112,11
14765231113121,5004559,11
32164571232323,5004371,11
42561733323122,5002122,11
32561472133313,5000687,11
36714523132322,5000673,11
76145231221112,5000501,11
73246153312211,5000195,11
16572433213223,4997867,11
52341672211112,4997474,11
32561473323212,4997087,11
75412631223332,4996436,11
56712341232113,4995968,11
45312673132313,4995865,11
76341251113121,4995754,11
72145631233223,4995273,11
65417323223123,4993620,11
63472512123332,4993494,11
15672341113232,4991215,11
25364173223231,4988803,11
45612373132121,4987744,11
12365472223232,4987275,11
46375212113111,4986700,11
54167231333213,4986641,11
26371453112111,4985034,11
52163473323332,4984404,11
13546271213213,4981479,11
36527412221312,4977683,11
71462533111223,4977651,11
54362711323112,4976515,11
62543711211113,4974958,11
12365472321233,4972486,11
76342511323112,4972328,11
76342511111231,4972290,11
15267431223113,4972101,11
72165433121333,4972038,11
54261373123121,4970730,11
17543261132111,4970520,11
12543673231223,4968937,11
32146751232323,4967539,11
16725432211121,4967453,11
21354763312211,4966469,11
46375213123121,4965975,11
24157362323111,4965857,11
16245371231231,4965683,11
15634722123332,4964840,11
31264572122213,4964688,11
72345612122111,4964034,11
57321642311132,4963533,11
74561233321133,4962020,11
16543721113211,4961178,11
32145671123333,4960049,11
16453271211113,4959253,11
34725612121322,4956760,11
53146272123233,4956338,11
56327413213112,4955931,11
15627431332112,4954168,11
76245313123121,4951866,11
65132473313312,4951840,11
47512632312323,4951781,11
12347652123332,4951623,11
14735621223113,4950137,11
27543611111123,4949047,11
62135473132121,4946605,11
71543623111121,4944904,11
56423171231321,4943701,11
72165433321223,4943043,11
15763242323132,4942768,11
14762351331221,4939503,11
32164572232313,4938529,11
71326451211311,4937554,11
15634722321233,4934858,11
36745211211221,4932889,11
63752143212323,4930873,11
14527631133311,4930572,11
65274133232321,4930267,11
14752632332132,4928560,11
34526713232312,4928478,11
53126471231321,4928118,11
32157641232323,4926669,11
37614522313322,4925360,11
12376542123212,4922210,11
54716321112323,4921786,11
72543163211111,4919500,11
64713253112111,4917285,11
32156471113211,4916825,11
31527643332122,4915145,11
62317453112111,4913575,11
17463251331221,4913412,11
56347211222132,4910943,11
36527412211322,4909841,11
13276541323322,4908331,11
23751463112321,4907804,11
35614722321233,4907269,11
37246511112233,4905790,11
72345613333331,4905707,11
16342571331221,4904665,11
17425631223113,4899996,11
12365471211122,4898344,11
12376542121232,4897877,11
35267141223233,4896292,11
17436521323232,4896271,11
14726531232122,4894604,11
75346213132121,4893357,11
16542372112331,4893147,11
67345211113322,4891838,11
72165433221233,4891805,11
15672342323312,4890420,11
65174232323312,4890343,11
47256133321232,4889838,11
16537421332112,4888729,11
12637451332112,4888484,11
16742352232313,4887931,11
34165273133312,4887604,11
14736521213333,4885787,11
76145231311331,4884968,11
76315241322122,4884958,11
47632152233321,4882175,11
74561233321313,4875896,11
76341251221121,4875570,11
46375212132131,4874660,11
32754163211123,4874108,11
41725632322331,4866710,11
12456733223321,4866700,11
32465173132121,4859787,11
76421351131121,4857995,11
17463251221331,4857127,11
14762351221331,4856655,11
17362451231321,4856100,11
73645211231111,4854011,11
76351423321232,4852388,11
25736141111123,4846642,11
61534721113211,4844507,11
75321461311112,4844269,11
45612373112231,4844103,11
26741351232113,4840651,11
73542613132322,4837435,11
76315243211231,4833430,11
63172452312323,4833186,11
61257343232123,4832921,11
24173652323231,4830325,11
43651722323132,4830325,11
47156322313232,4828596,11
13764252323231,4827855,11
32167453321232,4825765,11
17425631332112,4825610,11
76315241223113,4825235,11
17425631322332,4822615,11
65274132123332,4819005,11
14765232232322,4816756,11
65314272311132,4813273,11
15243671331221,4810980,11
46321752111131,4810915,11
36125473323233,4808338,11
52471631323112,4807172,11
42315673112111,4806961,11
67435123123121,4803287,11
25134672233321,4800455,11
37561241311112,4800125,11
41725633211111,4798739,11
53421671321231,4794750,11
72345611331332,4791691,11
34725612231332,4790886,11
71234563231322,4789338,11
23165472311111,4787654,11
76342513213112,4785398,11
67435121332112,4783081,11
76245311121131,4783031,11
76245312132131,4782746,11
25134672312323,4780810,11
54231673123121,4779949,11
13462572213311,4773951,11
52713461232323,4771918,11
32164572312323,4771592,11
74512362313223,4769259,11
63574212313211,4767892,11
43176252123131,4762020,11
42367153111121,4759020,11
62135472132131,4752657,11
46375211211332,4749654,11
12467351231321,4745238,11
46527133111121,4743660,11
34651271123111,4740292,11
54716322313223,4738585,11
37614522323312,4738544,11
17642531112233,4736142,11
43216573212311,4732790,11
64531272132131,4730264,11
13276541323112,4729139,11
31462751113322,4727750,11
53126471231231,4723651,11
12346571111231,4712166,11
25436712323231,4711875,11
32561472213122,4702327,11
51264732213311,4689396,11
56712343211123,4688192,11
63574212123131,4687641,11
52134761232113,4687016,11
53741621323112,4674260,11
72356141232113,4667887,11
27314652313211,4667045,11
75346211311211,4661003,11
34562172232313,4660447,11
15643271221331,4657776,11
52471631223113,4654988,11
32164573323212,4647261,11
32647152133121,4646178,11
51264731113322,4643911,11
16374521112323,4640200,11
45732612233321,4639340,11
16537421223113,4639018,11
62147353123121,4637667,11
14527633312133,4636167,11
61234572231323,4627609,11
67412353332221,4626077,11
15342671211311,4615072,11
16257431132111,4614744,11
61352472233321,4609788,11
42137653122131,4607021,11
74512361322233,4595132,11
76231451123111,4588411,11
14356721322233,4573210,11
24561372111131,4568201,11
72345612331331,4568071,11
15367421211113,4566883,11
34725612331322,4563089,11
71345262132131,4557247,11
17526432123233,4555590,11
47352612123131,4552666,11
32417652132131,4551168,11
43176252311132,4550596,11
53741621332112,4547743,11
76514321112323,4546376,11
54637211132111,4543891,11
25134672313211,4542941,11
72345611221223,4532641,11
32615473332122,4518588,11
65314272313211,4504154,11
72356143211123,4487205,11
17642533312211,4483589,11
